{
  "task_type": "time_series",
  "model_parameters": 3009,
  "device": "cpu",
  "metrics": {
    "mse": 0.014966972172260284,
    "mae": 0.09744840115308762,
    "rmse": 0.1223395772931241,
    "r2": 0.9750855565071106,
    "mape": 41.588531494140625,
    "smape": 34.70259094238281,
    "mae_per_step": [
      0.09744840115308762
    ],
    "worst_step_mae": 0.09744840115308762,
    "best_step_mae": 0.09744840115308762
  }
}