{
  "task_type": "classification",
  "model_parameters": 2563,
  "device": "cpu",
  "metrics": {
    "accuracy": 0.9933774834437086,
    "precision": 0.9935214511949323,
    "recall": 0.9933774834437086,
    "f1": 0.9933797342140348
  }
}