{
  "task_type": "regression",
  "model_parameters": 221121,
  "device": "cpu",
  "metrics": {
    "mse": 0.06716018915176392,
    "mae": 0.21169103682041168,
    "rmse": 0.25915282971976966,
    "r2": 0.9421409368515015,
    "mape": 170.0199432373047,
    "smape": 37.658470153808594
  }
}