{
  "task_type": "regression",
  "model_parameters": 3041,
  "device": "cpu",
  "metrics": {
    "mse": 0.24088530242443085,
    "mae": 0.2591206729412079,
    "rmse": 0.4908006748410508,
    "r2": 0.9521914124488831,
    "mape": 173.20643615722656,
    "smape": 31.996742248535156
  }
}