{
  "task_type": "regression",
  "model_parameters": 12513,
  "device": "cpu",
  "metrics": {
    "mse": 0.522537887096405,
    "mae": 0.4832054674625397,
    "rmse": 0.7228678213175663,
    "r2": 0.6123666763305664,
    "mape": 24.400646209716797,
    "smape": 23.6094913482666
  }
}