{
  "task_type": "classification",
  "model_parameters": 15329,
  "device": "cpu",
  "metrics": {
    "accuracy": 0.9993211928280511,
    "precision": 1.0,
    "recall": 0.5606060606060606,
    "f1": 0.7184466019417476
  }
}